Workbook

Sheet TotalWasteDisposed
A1: CS | M1: SS
B2: Replications | N2: Replications
A3: Scenarios | B3: 1 | C3: 2 | D3: 3 | E3: 4 | F3: 5 | G3: 6 | H3: 7 | I3: 8 | J3: 9 | K3: 10 | M3: Scenarios | N3: 1 | O3: 2 | P3: 3 | Q3: 4 | R3: 5 | S3: 6 | T3: 7 | U3: 8 | V3: 9 | W3: 10
A4: 1 | B4: 1184.2484 | C4: 1186.0758 | D4: 1184.4531 | E4: 1187.9292 | F4: 1181.7605 | G4: 1185.8832 | H4: 1186.2345 | I4: 1185.403 | J4: 1185.2748 | K4: 1181.8622 | M4: 1 | N4: 374.09753 | O4: 373.1285 | P4: 372.70621 | Q4: 373.94857 | R4: 373.54827 | S4: 374.21568 | T4: 374.01684 | U4: 372.8357 | V4: 373.9717 | W4: 373.87053
A5: 2 | B5: 1184.0015 | C5: 1186.2496 | D5: 1185.9298 | E5: 1186.8304 | F5: 1186.991 | G5: 1190.3527 | H5: 1184.6056 | I5: 1182.5911 | J5: 1187.3751 | K5: 1182.4718 | M5: 2 | N5: 372.8002 | O5: 373.98003 | P5: 374.34226 | Q5: 375.5878 | R5: 373.91722 | S5: 373.5699 | T5: 372.76539 | U5: 374.22046 | V5: 374.08791 | W5: 375.60648
A6: 3 | B6: 1183.1977 | C6: 1181.7054 | D6: 1186.0181 | E6: 1184.8953 | F6: 1183.3438 | G6: 1186.7511 | H6: 1186.9092 | I6: 1184.7493 | J6: 1186.8829 | K6: 1182.0855 | M6: 3 | N6: 372.17932 | O6: 374.76263 | P6: 354.39724 | Q6: 373.50187 | R6: 373.5114 | S6: 374.67547 | T6: 372.81341 | U6: 372.29031 | V6: 374.68327 | W6: 373.11301
A7: 4 | B7: 1182.6394 | C7: 1183.3314 | D7: 1181.2983 | E7: 1180.4496 | F7: 1186.4417 | G7: 1187.2805 | H7: 1183.068 | I7: 1186.1846 | J7: 1186.2412 | K7: 1186.6418 | M7: 4 | N7: 374.4925 | O7: 372.50692 | P7: 376.06726 | Q7: 373.96772 | R7: 373.53836 | S7: 375.76774 | T7: 373.47405 | U7: 356.23843 | V7: 355.42308 | W7: 374.44206
A8: 5 | B8: 1186.0701 | C8: 1183.1575 | D8: 1183.9127 | E8: 1184.2512 | F8: 1185.7691 | G8: 1182.9962 | H8: 1185.9267 | I8: 1186.7933 | J8: 1182.8031 | K8: 1183.0123 | M8: 5 | N8: 372.33724 | O8: 373.87988 | P8: 375.4341 | Q8: 372.36165 | R8: 375.12751 | S8: 370.97293 | T8: 373.77184 | U8: 373.05795 | V8: 374.53046 | W8: 374.36254
A9: 6 | B9: 1185.1731 | C9: 1182.9413 | D9: 1184.7087 | E9: 1187.1818 | F9: 1183.8036 | G9: 1181.8729 | H9: 1186.2362 | I9: 1184.4357 | J9: 1185.867 | K9: 1186.7819 | M9: 6 | N9: 374.77253 | O9: 375.31167 | P9: 373.64155 | Q9: 373.30342 | R9: 371.84749 | S9: 373.98542 | T9: 375.06491 | U9: 376.14543 | V9: 375.11656 | W9: 374.87905
A10: 7 | B10: 1183.2762 | C10: 1186.6732 | D10: 1186.4365 | E10: 1189.2744 | F10: 1182.272 | G10: 1185.9472 | H10: 1184.9796 | I10: 1183.7713 | J10: 1183.8498 | K10: 1183.923 | M10: 7 | N10: 373.45461 | O10: 374.55419 | P10: 372.55857 | Q10: 375.72882 | R10: 356.15055 | S10: 373.19827 | T10: 373.30005 | U10: 373.48873 | V10: 372.68874 | W10: 373.30713
A11: 8 | B11: 1182.1002 | C11: 1186.4757 | D11: 1184.5568 | E11: 1185.9027 | F11: 1185.2958 | G11: 1181.0173 | H11: 1183.734 | I11: 1185.1531 | J11: 1184.0555 | K11: 1183.5489 | M11: 8 | N11: 373.86888 | O11: 373.89366 | P11: 355.80542 | Q11: 374.81558 | R11: 376.15005 | S11: 355.75515 | T11: 374.63571 | U11: 375.64321 | V11: 374.07587 | W11: 374.3321
A12: 9 | B12: 1185.9547 | C12: 1189.2107 | D12: 1184.9315 | E12: 1183.9704 | F12: 1185.595 | G12: 1181.1261 | H12: 1180.4107 | I12: 1183.9847 | J12: 1184.8735 | K12: 1186.001 | M12: 9 | N12: 374.45437 | O12: 376.12451 | P12: 374.73328 | Q12: 374.43462 | R12: 371.89731 | S12: 373.65779 | T12: 372.59732 | U12: 354.17808 | V12: 374.8618 | W12: 373.26185
A13: 10 | B13: 1213.7859 | C13: 1216.7012 | D13: 1216.4146 | E13: 1216.0722 | F13: 1216.6592 | G13: 1214.9639 | H13: 1212.5194 | I13: 1217.7858 | J13: 1215.2009 | K13: 1213.1272 | M13: 10 | N13: 766.9461 | O13: 727.63033 | P13: 764.61961 | Q13: 761.48343 | R13: 757.86343 | S13: 758.15996 | T13: 764.43675 | U13: 760.77882 | V13: 760.10837 | W13: 761.76002
A14: 11 | B14: 1216.1287 | C14: 1209.1101 | D14: 1216.3234 | E14: 1215.5663 | F14: 1212.7904 | G14: 1214.2093 | H14: 1213.5349 | I14: 1213.4301 | J14: 1216.1707 | K14: 1215.8224 | M14: 11 | N14: 758.27304 | O14: 760.89587 | P14: 757.83407 | Q14: 749.77402 | R14: 759.22519 | S14: 759.27623 | T14: 767.74683 | U14: 761.8425 | V14: 748.32383 | W14: 761.33882
A15: 12 | B15: 1213.603 | C15: 1215.8257 | D15: 1212.4546 | E15: 1214.0029 | F15: 1222.0277 | G15: 1213.9487 | H15: 1214.2395 | I15: 1217.0555 | J15: 1218.2668 | K15: 1210.5405 | M15: 12 | N15: 761.33172 | O15: 766.18515 | P15: 758.87169 | Q15: 760.17539 | R15: 730.74439 | S15: 760.53921 | T15: 766.57342 | U15: 759.97749 | V15: 747.7295 | W15: 753.42481
... A84: 81 | B84: 1213.1023 | C84: 1212.5214 | D84: 1214.8205 | E84: 1210.3923 | F84: 1214.2037 | G84: 1210.4553 | H84: 1213.2227 | I84: 1213.622 | J84: 1209.4935 | K84: 1211.7875 | M84: 81 | N84: 1458.1084 | O84: 1477.9004 | P84: 1492.5742 | Q84: 1474.2074 | R84: 1473.5132 | S84: 1478.3331 | T84: 1467.2509 | U84: 1455.8167 | V84: 1458.1975 | W84: 1447.572

Sheet TravelTime
A1: CS | M1: SS
B2: Replications | N2: Replications
A3: Scenarios | B3: 1 | C3: 2 | D3: 3 | E3: 4 | F3: 5 | G3: 6 | H3: 7 | I3: 8 | J3: 9 | K3: 10 | M3: Scenarios | N3: 1 | O3: 2 | P3: 3 | Q3: 4 | R3: 5 | S3: 6 | T3: 7 | U3: 8 | V3: 9 | W3: 10 | Y3: Avg diff | Z3: Std dev diff | AA3: h | AB3: CI Low | AC3: CI Up
A4: 1 | B4: 629.04451 | C4: 634.97888 | D4: 632.82695 | E4: 631.03029 | F4: 630.83509 | G4: 633.0556 | H4: 630.32893 | I4: 630.05526 | J4: 628.76488 | K4: 630.25162 | M4: 1 | N4: 80.413502 | O4: 80.633899 | P4: 80.056073 | Q4: 79.929052 | R4: 80.245085 | S4: 80.40723 | T4: 80.432961 | U4: 80.542858 | V4: 80.476557 | W4: 79.783962 | Y4: {=AVERAGE(B4:K4/TotalWasteDisposed!B4:K4-TravelTime!N4:W4/TotalWasteDisposed!N4:W4)} -> 0.31773276 | Z4: {=_xlfn.STDEV.S(B4:K4/TotalWasteDisposed!B4:K4-TravelTime!N4:W4/TotalWasteDisposed!N4:W4)} -> 0.0017776087 | AA4: =2.262*Z4/SQRT(10) -> 0.0012715363 | AB4: =Y4-AA4 -> 0.31646122 | AC4: =Y4+AA4 -> 0.31900429 | AE4: {=(B4:K4/TotalWasteDisposed!B4:K4-TravelTime!N4:W4/TotalWasteDisposed!N4:W4)} -> 0.31622283 | AF4: 0.3192589 | AG4: 0.31948106 | AH4: 0.31745849 | AI4: 0.31899108 | AJ4: 0.3189576 | AK4: 0.31631787 | AL4: 0.3154837 | AM4: 0.315286 | AN4: 0.31987001
A5: 2 | B5: 635.28936 | C5: 632.79592 | D5: 632.04344 | E5: 627.46524 | F5: 628.52608 | G5: 634.84473 | H5: 626.81154 | I5: 630.12723 | J5: 629.97344 | K5: 629.58769 | M5: 2 | N5: 80.202954 | O5: 80.139517 | P5: 79.66533 | Q5: 80.464776 | R5: 80.329529 | S5: 80.603781 | T5: 79.989762 | U5: 80.176945 | V5: 80.54268 | W5: 79.73107 | Y5: {=AVERAGE(B5:K5/TotalWasteDisposed!B5:K5-TravelTime!N5:W5/TotalWasteDisposed!N5:W5)} -> 0.3175956 | Z5: {=_xlfn.STDEV.S(B5:K5/TotalWasteDisposed!B5:K5-TravelTime!N5:W5/TotalWasteDisposed!N5:W5)} -> 0.0026722273 | AA5: =2.262*Z5/SQRT(10) -> 0.0019114634 | AB5: =Y5-AA5 -> 0.31568414 | AC5: =Y5+AA5 -> 0.31950707 | AE5: 0.31622283 | AF5: 0.3192589 | AG5: 0.31948106 | AH5: 0.31745849 | AI5: 0.31899108 | AJ5: 0.3189576 | AK5: 0.31631787 | AL5: 0.3154837 | AM5: 0.315286 | AN5: 0.31987001
A6: 3 | B6: 631.81803 | C6: 632.7943 | D6: 631.3991 | E6: 627.28907 | F6: 631.97485 | G6: 631.23196 | H6: 632.39064 | I6: 630.46407 | J6: 630.13627 | K6: 629.55824 | M6: 3 | N6: 80.031857 | O6: 80.151447 | P6: 76.716799 | Q6: 80.052291 | R6: 80.244001 | S6: 80.550607 | T6: 80.427768 | U6: 80.052782 | V6: 80.365712 | W6: 79.878287 | Y6: {=AVERAGE(B6:K6/TotalWasteDisposed!B6:K6-TravelTime!N6:W6/TotalWasteDisposed!N6:W6)} -> 0.3176801 | Z6: {=_xlfn.STDEV.S(B6:K6/TotalWasteDisposed!B6:K6-TravelTime!N6:W6/TotalWasteDisposed!N6:W6)} -> 0.0019147056 | AA6: =2.262*Z6/SQRT(10) -> 0.0013696027 | AB6: =Y6-AA6 -> 0.31631049 | AC6: =Y6+AA6 -> 0.3190497 | AE6: 0.31622283 | AF6: 0.3192589 | AG6: 0.31948106 | AH6: 0.31745849 | AI6: 0.31899108 | AJ6: 0.3189576 | AK6: 0.31631787 | AL6: 0.3154837 | AM6: 0.315286 | AN6: 0.31987001
A7: 4 | B7: 631.59778 | C7: 630.44755 | D7: 634.6265 | E7: 629.38561 | F7: 629.41179 | G7: 633.46788 | H7: 633.39611 | I7: 632.4618 | J7: 626.74865 | K7: 627.58478 | M7: 4 | N7: 80.24259 | O7: 80.667332 | P7: 80.07226 | Q7: 80.421948 | R7: 80.21843 | S7: 80.464678 | T7: 80.230877 | U7: 76.361465 | V7: 77.23715 | W7: 80.741024 | Y7: {=AVERAGE(B7:K7/TotalWasteDisposed!B7:K7-TravelTime!N7:W7/TotalWasteDisposed!N7:W7)} -> 0.31772812 | Z7: {=_xlfn.STDEV.S(B7:K7/TotalWasteDisposed!B7:K7-TravelTime!N7:W7/TotalWasteDisposed!N7:W7)} -> 0.0038125306 | AA7: =2.262*Z7/SQRT(10) -> 0.0027271306 | AB7: =Y7-AA7 -> 0.31500099 | AC7: =Y7+AA7 -> 0.32045525
A8: 5 | B8: 631.08457 | C8: 630.527 | D8: 629.66922 | E8: 631.42208 | F8: 630.30857 | G8: 630.91049 | H8: 631.43022 | I8: 638.18316 | J8: 632.53633 | K8: 626.96465 | M8: 5 | N8: 80.434784 | O8: 79.909509 | P8: 80.083612 | Q8: 80.366004 | R8: 79.844267 | S8: 80.143092 | T8: 80.208136 | U8: 80.033035 | V8: 80.173503 | W8: 80.760511 | Y8: {=AVERAGE(B8:K8/TotalWasteDisposed!B8:K8-TravelTime!N8:W8/TotalWasteDisposed!N8:W8)} -> 0.31831463 | Z8: {=_xlfn.STDEV.S(B8:K8/TotalWasteDisposed!B8:K8-TravelTime!N8:W8/TotalWasteDisposed!N8:W8)} -> 0.0024615097 | AA8: =2.262*Z8/SQRT(10) -> 0.0017607356 | AB8: =Y8-AA8 -> 0.31655389 | AC8: =Y8+AA8 -> 0.32007537
A9: 6 | B9: 630.16509 | C9: 630.30059 | D9: 630.56467 | E9: 626.029 | F9: 631.31062 | G9: 635.33182 | H9: 628.46306 | I9: 630.60191 | J9: 628.68204 | K9: 633.89221 | M9: 6 | N9: 80.237114 | O9: 80.532132 | P9: 79.809625 | Q9: 80.522936 | R9: 80.922835 | S9: 79.780995 | T9: 80.620579 | U9: 80.227453 | V9: 80.373059 | W9: 80.125187 | Y9: {=AVERAGE(B9:K9/TotalWasteDisposed!B9:K9-TravelTime!N9:W9/TotalWasteDisposed!N9:W9)} -> 0.31762777 | Z9: {=_xlfn.STDEV.S(B9:K9/TotalWasteDisposed!B9:K9-TravelTime!N9:W9/TotalWasteDisposed!N9:W9)} -> 0.0034271515 | AA9: =2.262*Z9/SQRT(10) -> 0.0024514662 | AB9: =Y9-AA9 -> 0.3151763 | AC9: =Y9+AA9 -> 0.32007923
A10: 7 | B10: 631.05732 | C10: 630.44872 | D10: 632.87558 | E10: 630.48486 | F10: 628.04653 | G10: 630.87976 | H10: 630.41263 | I10: 629.93059 | J10: 630.7031 | K10: 626.64878 | M10: 7 | N10: 79.968762 | O10: 80.962156 | P10: 79.951881 | Q10: 80.224001 | R10: 77.05381 | S10: 81.100503 | T10: 79.965723 | U10: 80.419088 | V10: 80.531311 | W10: 80.279855 | Y10: {=AVERAGE(B10:K10/TotalWasteDisposed!B10:K10-TravelTime!N10:W10/TotalWasteDisposed!N10:W10)} -> 0.31648005 | Z10: {=_xlfn.STDEV.S(B10:K10/TotalWasteDisposed!B10:K10-TravelTime!N10:W10/TotalWasteDisposed!N10:W10)} -> 0.0017467139 | AA10: =2.262*Z10/SQRT(10) -> 0.001249437 | AB10: =Y10-AA10 -> 0.31523061 | AC10: =Y10+AA10 -> 0.31772949
A11: 8 | B11: 631.72265 | C11: 631.62774 | D11: 632.58917 | E11: 632.99833 | F11: 630.51362 | G11: 628.26634 | H11: 632.90484 | I11: 631.01427 | J11: 631.38621 | K11: 631.92699 | M11: 8 | N11: 79.990013 | O11: 79.905425 | P11: 76.911537 | Q11: 81.035001 | R11: 80.364433 | S11: 76.607635 | T11: 80.773475 | U11: 80.258172 | V11: 80.193787 | W11: 80.032038 | Y11: {=AVERAGE(B11:K11/TotalWasteDisposed!B11:K11-TravelTime!N11:W11/TotalWasteDisposed!N11:W11)} -> 0.31862944 | Z11: {=_xlfn.STDEV.S(B11:K11/TotalWasteDisposed!B11:K11-TravelTime!N11:W11/TotalWasteDisposed!N11:W11)} -> 0.0011371389 | AA11: =2.262*Z11/SQRT(10) -> 0.00081340365 | AB11: =Y11-AA11 -> 0.31781603 | AC11: =Y11+AA11 -> 0.31944284
A12: 9 | B12: 630.48246 | C12: 635.2238 | D12: 628.16824 | E12: 631.43425 | F12: 629.81591 | G12: 632.43186 | H12: 635.18733 | I12: 632.53814 | J12: 628.24429 | K12: 628.248 | M12: 9 | N12: 80.083033 | O12: 80.087334 | P12: 80.558908 | Q12: 80.28319 | R12: 80.438914 | S12: 79.555702 | T12: 80.25069 | U12: 76.996303 | V12: 80.310328 | W12: 80.30558 | Y12: {=AVERAGE(B12:K12/TotalWasteDisposed!B12:K12-TravelTime!N12:W12/TotalWasteDisposed!N12:W12)} -> 0.31806466 | Z12: {=_xlfn.STDEV.S(B12:K12/TotalWasteDisposed!B12:K12-TravelTime!N12:W12/TotalWasteDisposed!N12:W12)} -> 0.0031417872 | AA12: =2.262*Z12/SQRT(10) -> 0.0022473431 | AB12: =Y12-AA12 -> 0.31581732 | AC12: =Y12+AA12 -> 0.320312
A13: 10 | B13: 479.54672 | C13: 479.88214 | D13: 477.83732 | E13: 479.03048 | F13: 479.89577 | G13: 479.23929 | H13: 480.04216 | I13: 481.45247 | J13: 479.13222 | K13: 480.25904 | M13: 10 | N13: 156.18282 | O13: 151.54872 | P13: 156.22279 | Q13: 156.00237 | R13: 155.14696 | S13: 155.5476 | T13: 155.76586 | U13: 155.54874 | V13: 155.21201 | W13: 155.45102 | Y13: {=AVERAGE(B13:K13/TotalWasteDisposed!B13:K13-TravelTime!N13:W13/TotalWasteDisposed!N13:W13)} -> 0.1899072 | Z13: {=_xlfn.STDEV.S(B13:K13/TotalWasteDisposed!B13:K13-TravelTime!N13:W13/TotalWasteDisposed!N13:W13)} -> 0.0018048919 | AA13: =2.262*Z13/SQRT(10) -> 0.0012910522 | AB13: =Y13-AA13 -> 0.18861615 | AC13: =Y13+AA13 -> 0.19119825
A14: 11 | B14: 481.89303 | C14: 479.63164 | D14: 478.78835 | E14: 480.14827 | F14: 477.91043 | G14: 479.2716 | H14: 479.65925 | I14: 479.58119 | J14: 478.65318 | K14: 479.0135 | M14: 11 | N14: 155.31432 | O14: 155.22383 | P14: 155.50794 | Q14: 154.83745 | R14: 155.09018 | S14: 155.06789 | T14: 156.25864 | U14: 155.09216 | V14: 153.50794 | W14: 154.80809 | Y14: {=AVERAGE(B14:K14/TotalWasteDisposed!B14:K14-TravelTime!N14:W14/TotalWasteDisposed!N14:W14)} -> 0.19037667 | Z14: {=_xlfn.STDEV.S(B14:K14/TotalWasteDisposed!B14:K14-TravelTime!N14:W14/TotalWasteDisposed!N14:W14)} -> 0.0015417808 | AA14: =2.262*Z14/SQRT(10) -> 0.0011028469 | AB14: =Y14-AA14 -> 0.18927383 | AC14: =Y14+AA14 -> 0.19147952
A15: 12 | B15: 478.81444 | C15: 478.49183 | D15: 478.84018 | E15: 478.77718 | F15: 478.31917 | G15: 480.1464 | H15: 478.95797 | I15: 480.88767 | J15: 479.22364 | K15: 479.67659 | M15: 12 | N15: 154.51331 | O15: 155.86572 | P15: 155.09871 | Q15: 154.91999 | R15: 151.92876 | S15: 154.59464 | T15: 156.33332 | U15: 155.15362 | V15: 154.92504 | W15: 154.87343 | Y15: {=AVERAGE(B15:K15/TotalWasteDisposed!B15:K15-TravelTime!N15:W15/TotalWasteDisposed!N15:W15)} -> 0.18969508 | Z15: {=_xlfn.STDEV.S(B15:K15/TotalWasteDisposed!B15:K15-TravelTime!N15:W15/TotalWasteDisposed!N15:W15)} -> 0.002705245 | AA15: =2.262*Z15/SQRT(10) -> 0.0019350813 | AB15: =Y15-AA15 -> 0.18776 | AC15: =Y15+AA15 -> 0.19163016
A16: 13 | B16: 478.51133 | C16: 478.89347 | D16: 480.63015 | E16: 479.65039 | F16: 480.9038 | G16: 479.14755 | H16: 480.50115 | I16: 478.38464 | J16: 481.714 | K16: 479.06496 | M16: 13 | N16: 153.74147 | O16: 155.7241 | P16: 155.78394 | Q16: 155.48712 | R16: 155.80211 | S16: 155.01645 | T16: 156.32791 | U16: 155.42721 | V16: 152.62197 | W16: 155.06119 | Y16: {=AVERAGE(B16:K16/TotalWasteDisposed!B16:K16-TravelTime!N16:W16/TotalWasteDisposed!N16:W16)} -> 0.19065477 | Z16: {=_xlfn.STDEV.S(B16:K16/TotalWasteDisposed!B16:K16-TravelTime!N16:W16/TotalWasteDisposed!N16:W16)} -> 0.00063691086 | AA16: =2.262*Z16/SQRT(10) -> 0.00045558693 | AB16: =Y16-AA16 -> 0.19019919 | AC16: =Y16+AA16 -> 0.19111036
A17: 14 | B17: 478.73723 | C17: 480.62557 | D17: 481.02103 | E17: 477.89004 | F17: 478.9287 | G17: 481.19737 | H17: 479.29663 | I17: 481.45316 | J17: 479.46323 | K17: 479.41213 | M17: 14 | N17: 155.98606 | O17: 154.77448 | P17: 153.37097 | Q17: 154.56498 | R17: 154.6974 | S17: 151.88252 | T17: 154.25591 | U17: 155.81662 | V17: 154.0754 | W17: 156.24862 | Y17: {=AVERAGE(B17:K17/TotalWasteDisposed!B17:K17-TravelTime!N17:W17/TotalWasteDisposed!N17:W17)} -> 0.19028599 | Z17: {=_xlfn.STDEV.S(B17:K17/TotalWasteDisposed!B17:K17-TravelTime!N17:W17/TotalWasteDisposed!N17:W17)} -> 0.0020793058 | AA17: =2.262*Z17/SQRT(10) -> 0.0014873424 | AB17: =Y17-AA17 -> 0.18879865 | AC17: =Y17+AA17 -> 0.19177333
A18: 15 | B18: 480.98098 | C18: 478.57288 | D18: 479.65171 | E18: 481.09834 | F18: 481.87841 | G18: 479.46607 | H18: 479.07748 | I18: 479.37469 | J18: 479.48097 | K18: 480.21526 | M18: 15 | N18: 154.56277 | O18: 155.14709 | P18: 155.96916 | Q18: 154.4643 | R18: 154.13783 | S18: 154.86567 | T18: 154.42919 | U18: 155.75271 | V18: 154.75062 | W18: 154.02427 | Y18: {=AVERAGE(B18:K18/TotalWasteDisposed!B18:K18-TravelTime!N18:W18/TotalWasteDisposed!N18:W18)} -> 0.18956883 | Z18: {=_xlfn.STDEV.S(B18:K18/TotalWasteDisposed!B18:K18-TravelTime!N18:W18/TotalWasteDisposed!N18:W18)} -> 0.001412701 | AA18: =2.262*Z18/SQRT(10) -> 0.0010105152 | AB18: =Y18-AA18 -> 0.18855832 | AC18: =Y18+AA18 -> 0.19057935
... A84: 81 | B84: 501.6312 | C84: 503.15263 | D84: 504.2358 | E84: 502.26833 | F84: 502.84357 | G84: 502.45764 | H84: 502.60637 | I84: 502.51188 | J84: 502.26834 | K84: 502.61748 | M84: 81 | N84: 211.3482 | O84: 214.88854 | P84: 217.51918 | Q84: 212.8303 | R84: 213.7962 | S84: 214.30638 | T84: 212.44211 | U84: 211.8024 | V84: 213.03833 | W84: 210.65177 | Y84: {=AVERAGE(B84:K84/TotalWasteDisposed!B84:K84-TravelTime!N84:W84/TotalWasteDisposed!N84:W84)} -> 0.26937163 | Z84: {=_xlfn.STDEV.S(B84:K84/TotalWasteDisposed!B84:K84-TravelTime!N84:W84/TotalWasteDisposed!N84:W84)} -> 0.00063040896 | AA84: =2.262*Z84/SQRT(10) -> 0.00045093607 | AB84: =Y84-AA84 -> 0.26892069 | AC84: =Y84+AA84 -> 0.26982256

Sheet Distance
A1: CS | M1: SS
B2: Replications | N2: Replications
A3: Scenarios | B3: 1 | C3: 2 | D3: 3 | E3: 4 | F3: 5 | G3: 6 | H3: 7 | I3: 8 | J3: 9 | K3: 10 | M3: Scenarios | N3: 1 | O3: 2 | P3: 3 | Q3: 4 | R3: 5 | S3: 6 | T3: 7 | U3: 8 | V3: 9 | W3: 10 | Y3: Avg diff | Z3: Std dev diff | AA3: h | AB3: CI Low | AC3: CI Up
A4: 1 | B4: 8265.0042 | C4: 8364.2076 | D4: 8326.5244 | E4: 8321.6373 | F4: 8339.1545 | G4: 8337.5363 | H4: 8323.5564 | I4: 8318.9249 | J4: 8306.6517 | K4: 8284.0589 | M4: 1 | N4: 981.53618 | O4: 1002.5305 | P4: 993.63438 | Q4: 993.44038 | R4: 994.68735 | S4: 990.80908 | T4: 998.17681 | U4: 998.34188 | V4: 993.65104 | W4: 989.24691 | Y4: {=AVERAGE(B4:K4/TotalWasteDisposed!B4:K4-Distance!N4:W4/TotalWasteDisposed!N4:W4)} -> 4.3612281 | Z4: {=_xlfn.STDEV.S(B4:K4/TotalWasteDisposed!B4:K4-Distance!N4:W4/TotalWasteDisposed!N4:W4)} -> 0.01658101 | AA4: =2.262*Z4/SQRT(10) -> 0.011860516 | AB4: =Y4-AA4 -> 4.3493676 | AC4: =Y4+AA4 -> 4.3730887
A5: 2 | B5: 8323.7753 | C5: 8329.9992 | D5: 8331.3312 | E5: 8296.8332 | F5: 8305.8668 | G5: 8372.7767 | H5: 8286.0541 | I5: 8346.4053 | J5: 8297.9852 | K5: 8305.9858 | M5: 2 | N5: 994.21315 | O5: 993.44038 | P5: 996.86003 | Q5: 993.44038 | R5: 993.44038 | S5: 993.44038 | T5: 993.44038 | U5: 994.32047 | V5: 994.16785 | W5: 993.44038 | Y5: {=AVERAGE(B5:K5/TotalWasteDisposed!B5:K5-Distance!N5:W5/TotalWasteDisposed!N5:W5)} -> 4.3592775 | Z5: {=_xlfn.STDEV.S(B5:K5/TotalWasteDisposed!B5:K5-Distance!N5:W5/TotalWasteDisposed!N5:W5)} -> 0.022676342 | AA5: =2.262*Z5/SQRT(10) -> 0.016220551 | AB5: =Y5-AA5 -> 4.343057 | AC5: =Y5+AA5 -> 4.3754981
A6: 3 | B6: 8342.8232 | C6: 8323.918 | D6: 8325.5403 | E6: 8284.3442 | F6: 8336.578 | G6: 8338.4483 | H6: 8339.9093 | I6: 8286.1754 | J6: 8333.3628 | K6: 8319.3603 | M6: 3 | N6: 992.47306 | O6: 994.6412 | P6: 939.4432 | Q6: 988.9769 | R6: 989.24691 | S6: 999.27586 | T6: 999.79903 | U6: 994.16785 | V6: 993.35713 | W6: 989.24691 | Y6: {=AVERAGE(B6:K6/TotalWasteDisposed!B6:K6-Distance!N6:W6/TotalWasteDisposed!N6:W6)} -> 4.3667714 | Z6: {=_xlfn.STDEV.S(B6:K6/TotalWasteDisposed!B6:K6-Distance!N6:W6/TotalWasteDisposed!N6:W6)} -> 0.023718535 | AA6: =2.262*Z6/SQRT(10) -> 0.016966039 | AB6: =Y6-AA6 -> 4.3498054 | AC6: =Y6+AA6 -> 4.3837375
A7: 4 | B7: 8287.2698 | C7: 8335.4144 | D7: 8357.9915 | E7: 8303.3614 | F7: 8321.3902 | G7: 8354.4088 | H7: 8317.1368 | I7: 8320.5044 | J7: 8302.282 | K7: 8272.2518 | M7: 4 | N7: 993.34269 | O7: 988.9769 | P7: 993.44038 | Q7: 993.44038 | R7: 993.44038 | S7: 999.1458 | T7: 994.20496 | U7: 938.9232 | V7: 942.73077 | W7: 998.68419 | Y7: {=AVERAGE(B7:K7/TotalWasteDisposed!B7:K7-Distance!N7:W7/TotalWasteDisposed!N7:W7)} -> 4.3684424 | Z7: {=_xlfn.STDEV.S(B7:K7/TotalWasteDisposed!B7:K7-Distance!N7:W7/TotalWasteDisposed!N7:W7)} -> 0.033285397 | AA7: =2.262*Z7/SQRT(10) -> 0.023809284 | AB7: =Y7-AA7 -> 4.3446331 | AC7: =Y7+AA7 -> 4.3922517
A8: 5 | B8: 8280.66 | C8: 8295.0477 | D8: 8293.9793 | E8: 8289.7889 | F8: 8299.3642 | G8: 8315.4401 | H8: 8343.582 | I8: 8387.9282 | J8: 8331.7877 | K8: 8308.7204 | M8: 5 | N8: 975.85512 | O8: 993.44038 | P8: 993.90655 | Q8: 996.09429 | R8: 993.44038 | S8: 988.62825 | T8: 995.14338 | U8: 992.83021 | V8: 993.44038 | W8: 993.44038 | Y8: {=AVERAGE(B8:K8/TotalWasteDisposed!B8:K8-Distance!N8:W8/TotalWasteDisposed!N8:W8)} -> 4.3653479 | Z8: {=_xlfn.STDEV.S(B8:K8/TotalWasteDisposed!B8:K8-Distance!N8:W8/TotalWasteDisposed!N8:W8)} -> 0.022362039 | AA8: =2.262*Z8/SQRT(10) -> 0.015995728 | AB8: =Y8-AA8 -> 4.3493522 | AC8: =Y8+AA8 -> 4.3813436
A9: 6 | B9: 8282.7639 | C9: 8313.4693 | D9: 8305.2906 | E9: 8274.6595 | F9: 8322.0976 | G9: 8328.7862 | H9: 8293.4489 | I9: 8303.0103 | J9: 8290.5694 | K9: 8339.9203 | M9: 6 | N9: 993.44038 | O9: 994.32047 | P9: 988.9769 | Q9: 998.63867 | R9: 999.34299 | S9: 989.49052 | T9: 998.80804 | U9: 993.44038 | V9: 995.45601 | W9: 993.44038 | Y9: {=AVERAGE(B9:K9/TotalWasteDisposed!B9:K9-Distance!N9:W9/TotalWasteDisposed!N9:W9)} -> 4.3530616 | Z9: {=_xlfn.STDEV.S(B9:K9/TotalWasteDisposed!B9:K9-Distance!N9:W9/TotalWasteDisposed!N9:W9)} -> 0.030749804 | AA9: =2.262*Z9/SQRT(10) -> 0.021995557 | AB9: =Y9-AA9 -> 4.3310661 | AC9: =Y9+AA9 -> 4.3750572
A10: 7 | B10: 8339.1433 | C10: 8292.8044 | D10: 8301.4587 | E10: 8334.3596 | F10: 8285.875 | G10: 8310.3215 | H10: 8293.4626 | I10: 8324.8854 | J10: 8279.3356 | K10: 8285.1963 | M10: 7 | N10: 980.74814 | O10: 997.82816 | P10: 993.44038 | Q10: 993.44038 | R10: 939.52183 | S10: 999.34299 | T10: 991.68502 | U10: 996.34641 | V10: 990.9499 | W10: 996.34641 | Y10: {=AVERAGE(B10:K10/TotalWasteDisposed!B10:K10-Distance!N10:W10/TotalWasteDisposed!N10:W10)} -> 4.3510803 | Z10: {=_xlfn.STDEV.S(B10:K10/TotalWasteDisposed!B10:K10-Distance!N10:W10/TotalWasteDisposed!N10:W10)} -> 0.03001307 | AA10: =2.262*Z10/SQRT(10) -> 0.021468565 | AB10: =Y10-AA10 -> 4.3296118 | AC10: =Y10+AA10 -> 4.3725489
A11: 8 | B11: 8355.7109 | C11: 8336.0422 | D11: 8310.6658 | E11: 8336.7644 | F11: 8310.8792 | G11: 8305.198 | H11: 8342.99 | I11: 8302.375 | J11: 8278.8054 | K11: 8305.7737 | M11: 8 | N11: 997.87563 | O11: 989.71307 | P11: 938.11241 | Q11: 993.44038 | R11: 994.98985 | S11: 938.96843 | T11: 998.68419 | U11: 994.32047 | V11: 988.9769 | W11: 993.44038 | Y11: {=AVERAGE(B11:K11/TotalWasteDisposed!B11:K11-Distance!N11:W11/TotalWasteDisposed!N11:W11)} -> 4.3748837 | Z11: {=_xlfn.STDEV.S(B11:K11/TotalWasteDisposed!B11:K11-Distance!N11:W11/TotalWasteDisposed!N11:W11)} -> 0.01571549 | AA11: =2.262*Z11/SQRT(10) -> 0.011241403 | AB11: =Y11-AA11 -> 4.3636423 | AC11: =Y11+AA11 -> 4.3861251
A12: 9 | B12: 8306.4488 | C12: 8343.2536 | D12: 8321.6345 | E12: 8323.4149 | F12: 8318.4421 | G12: 8332.3208 | H12: 8363.5098 | I12: 8318.0085 | J12: 8270.0133 | K12: 8273.031 | M12: 9 | N12: 989.18756 | O12: 993.44038 | P12: 998.68419 | Q12: 994.98985 | R12: 998.2647 | S12: 994.21315 | T12: 999.40917 | U12: 937.46281 | V12: 993.44038 | W12: 993.09174 | Y12: {=AVERAGE(B12:K12/TotalWasteDisposed!B12:K12-Distance!N12:W12/TotalWasteDisposed!N12:W12)} -> 4.3619335 | Z12: {=_xlfn.STDEV.S(B12:K12/TotalWasteDisposed!B12:K12-Distance!N12:W12/TotalWasteDisposed!N12:W12)} -> 0.028713662 | AA12: =2.262*Z12/SQRT(10) -> 0.020539089 | AB12: =Y12-AA12 -> 4.3413944 | AC12: =Y12+AA12 -> 4.3824726
A13: 10 | B13: 6546.1298 | C13: 6551.6733 | D13: 6551.3022 | E13: 6541.8043 | F13: 6551.7413 | G13: 6552.8526 | H13: 6567.9315 | I13: 6553.3677 | J13: 6546.2919 | K13: 6553.5791 | M13: 10 | N13: 2107.3272 | O13: 2016.8229 | P13: 2104.7734 | Q13: 2108.5494 | R13: 2074.5957 | S13: 2075.2116 | T13: 2103.4204 | U13: 2083.1624 | V13: 2076.142 | W13: 2069.9791 | Y13: {=AVERAGE(B13:K13/TotalWasteDisposed!B13:K13-Distance!N13:W13/TotalWasteDisposed!N13:W13)} -> 2.6454693 | Z13: {=_xlfn.STDEV.S(B13:K13/TotalWasteDisposed!B13:K13-Distance!N13:W13/TotalWasteDisposed!N13:W13)} -> 0.022615741 | AA13: =2.262*Z13/SQRT(10) -> 0.016177203 | AB13: =Y13-AA13 -> 2.6292921 | AC13: =Y13+AA13 -> 2.6616465
A14: 11 | B14: 6571.9024 | C14: 6538.3081 | D14: 6541.4325 | E14: 6557.1503 | F14: 6533.129 | G14: 6542.0173 | H14: 6576.3665 | I14: 6564.8723 | J14: 6533.4426 | K14: 6547.5644 | M14: 11 | N14: 2078.3515 | O14: 2076.7292 | P14: 2086.061 | Q14: 2066.6306 | R14: 2076.4031 | S14: 2081.287 | T14: 2106.0605 | U14: 2075.6174 | V14: 2041.3051 | W14: 2071.5174 | Y14: {=AVERAGE(B14:K14/TotalWasteDisposed!B14:K14-Distance!N14:W14/TotalWasteDisposed!N14:W14)} -> 2.6573754 | Z14: {=_xlfn.STDEV.S(B14:K14/TotalWasteDisposed!B14:K14-Distance!N14:W14/TotalWasteDisposed!N14:W14)} -> 0.019377896 | AA14: =2.262*Z14/SQRT(10) -> 0.013861149 | AB14: =Y14-AA14 -> 2.6435142 | AC14: =Y14+AA14 -> 2.6712365
A15: 12 | B15: 6556.3271 | C15: 6551.9749 | D15: 6535.7042 | E15: 6552.1798 | F15: 6529.9578 | G15: 6566.1724 | H15: 6544.9442 | I15: 6566.0922 | J15: 6555.6501 | K15: 6560.017 | M15: 12 | N15: 2083.2595 | O15: 2105.8766 | P15: 2071.187 | Q15: 2065.2099 | R15: 2018.0632 | S15: 2067.3209 | T15: 2107.9906 | U15: 2084.4339 | V15: 2067.324 | W15: 2071.3533 | Y15: {=AVERAGE(B15:K15/TotalWasteDisposed!B15:K15-Distance!N15:W15/TotalWasteDisposed!N15:W15)} -> 2.649934 | Z15: {=_xlfn.STDEV.S(B15:K15/TotalWasteDisposed!B15:K15-Distance!N15:W15/TotalWasteDisposed!N15:W15)} -> 0.032184403 | AA15: =2.262*Z15/SQRT(10) -> 0.023021735 | AB15: =Y15-AA15 -> 2.6269122 | AC15: =Y15+AA15 -> 2.6729557
... A84: 81 | B84: 6678.9695 | C84: 6713.0286 | D84: 6709.6911 | E84: 6687.3072 | F84: 6694.9938 | G84: 6664.8846 | H84: 6707.709 | I84: 6681.8067 | J84: 6681.1468 | K84: 6685.5135 | M84: 81 | N84: 2679.3212 | O84: 2732.6197 | P84: 2767.7219 | Q84: 2721.4189 | R84: 2712.5316 | S84: 2732.651 | T84: 2697.5226 | U84: 2669.4404 | V84: 2688.0713 | W84: 2661.1399 | Y84: {=AVERAGE(B84:K84/TotalWasteDisposed!B84:K84-Distance!N84:W84/TotalWasteDisposed!N84:W84)} -> 3.675562 | Z84: {=_xlfn.STDEV.S(B84:K84/TotalWasteDisposed!B84:K84-Distance!N84:W84/TotalWasteDisposed!N84:W84)} -> 0.0096892499 | AA84: =2.262*Z84/SQRT(10) -> 0.0069307903 | AB84: =Y84-AA84 -> 3.6686313 | AC84: =Y84+AA84 -> 3.6824928

Sheet CO2
A1: CS | M1: SS
B2: Replications | N2: Replications
A3: Scenarios | B3: 1 | C3: 2 | D3: 3 | E3: 4 | F3: 5 | G3: 6 | H3: 7 | I3: 8 | J3: 9 | K3: 10 | M3: Scenarios | N3: 1 | O3: 2 | P3: 3 | Q3: 4 | R3: 5 | S3: 6 | T3: 7 | U3: 8 | V3: 9 | W3: 10 | Y3: Avg diff | Z3: Std dev diff | AA3: h | AB3: CI Low | AC3: CI Up
A4: 1 | B4: 7136.8396 | C4: 7213.0228 | D4: 7182.902 | E4: 7181.8686 | F4: 7194.4136 | G4: 7193.6087 | H4: 7185.1425 | I4: 7182.4505 | J4: 7171.0327 | K4: 7150.4621 | M4: 1 | N4: 905.5659 | O4: 924.71635 | P4: 917.07873 | Q4: 916.46824 | R4: 917.73432 | S4: 913.65789 | T4: 921.37324 | U4: 921.45464 | V4: 917.36125 | W4: 912.07047 | Y4: {=AVERAGE(B4:K4/TotalWasteDisposed!B4:K4-'CO2'!N4:W4/TotalWasteDisposed!N4:W4)} -> 3.6052127 | Z4: {=_xlfn.STDEV.S(B4:K4/TotalWasteDisposed!B4:K4-'CO2'!N4:W4/TotalWasteDisposed!N4:W4)} -> 0.013716998 | AA4: =2.262*Z4/SQRT(10) -> 0.0098118676 | AB4: =Y4-AA4 -> 3.5954009 | AC4: =Y4+AA4 -> 3.6150246
A5: 2 | B5: 7185.9841 | C5: 7186.4996 | D5: 7186.3495 | E5: 7162.9221 | F5: 7170.8655 | G5: 7222.7438 | H5: 7154.2998 | I5: 7203.1111 | J5: 7157.9943 | K5: 7166.4868 | M5: 2 | N5: 917.1778 | O5: 916.46824 | P5: 918.65907 | Q5: 916.46824 | R5: 916.46824 | S5: 916.46824 | T5: 916.46824 | U5: 917.06042 | V5: 917.14618 | W5: 916.46824 | Y5: {=AVERAGE(B5:K5/TotalWasteDisposed!B5:K5-'CO2'!N5:W5/TotalWasteDisposed!N5:W5)} -> 3.6040686 | Z5: {=_xlfn.STDEV.S(B5:K5/TotalWasteDisposed!B5:K5-'CO2'!N5:W5/TotalWasteDisposed!N5:W5)} -> 0.019136813 | AA5: =2.262*Z5/SQRT(10) -> 0.0136887 | AB5: =Y5-AA5 -> 3.5903799 | AC5: =Y5+AA5 -> 3.6177573
A6: 3 | B6: 7201.2002 | C6: 7181.9355 | D6: 7184.5481 | E6: 7148.4351 | F6: 7193.0796 | G6: 7198.9419 | H6: 7194.6701 | I6: 7151.8428 | J6: 7187.6608 | K6: 7179.393 | M6: 3 | N6: 915.45792 | O6: 917.41312 | P6: 861.47352 | Q6: 911.94908 | R6: 912.07047 | S6: 922.57732 | T6: 922.93801 | U6: 917.14618 | V6: 916.68534 | W6: 912.07047 | Y6: {=AVERAGE(B6:K6/TotalWasteDisposed!B6:K6-'CO2'!N6:W6/TotalWasteDisposed!N6:W6)} -> 3.6112342 | Z6: {=_xlfn.STDEV.S(B6:K6/TotalWasteDisposed!B6:K6-'CO2'!N6:W6/TotalWasteDisposed!N6:W6)} -> 0.021924719 | AA6: =2.262*Z6/SQRT(10) -> 0.015682909 | AB6: =Y6-AA6 -> 3.5955513 | AC6: =Y6+AA6 -> 3.6269171
A7: 4 | B7: 7148.8158 | C7: 7194.4504 | D7: 7210.5659 | E7: 7162.37 | F7: 7181.3699 | G7: 7204.276 | H7: 7176.3763 | I7: 7180.2812 | J7: 7170.1972 | K7: 7143.9379 | M7: 4 | N7: 915.57709 | O7: 911.7543 | P7: 916.46824 | Q7: 916.46824 | R7: 916.46824 | S7: 921.34422 | T7: 915.79144 | U7: 861.60885 | V7: 865.53118 | W7: 921.29049 | Y7: {=AVERAGE(B7:K7/TotalWasteDisposed!B7:K7-'CO2'!N7:W7/TotalWasteDisposed!N7:W7)} -> 3.6148875 | Z7: {=_xlfn.STDEV.S(B7:K7/TotalWasteDisposed!B7:K7-'CO2'!N7:W7/TotalWasteDisposed!N7:W7)} -> 0.027748065 | AA7: =2.262*Z7/SQRT(10) -> 0.019848391 | AB7: =Y7-AA7 -> 3.5950391 | AC7: =Y7+AA7 -> 3.6347359
A8: 5 | B8: 7152.3547 | C8: 7159.8853 | D8: 7158.3482 | E8: 7151.949 | F8: 7168.3692 | G8: 7178.1899 | H8: 7204.1329 | I8: 7236.3985 | J8: 7183.8585 | K8: 7168.9115 | M8: 5 | N8: 901.64084 | O8: 916.46824 | P8: 917.51001 | Q8: 920.23799 | R8: 916.46824 | S8: 911.65524 | T8: 918.19857 | U8: 916.22273 | V8: 916.46824 | W8: 916.46824 | Y8: {=AVERAGE(B8:K8/TotalWasteDisposed!B8:K8-'CO2'!N8:W8/TotalWasteDisposed!N8:W8)} -> 3.6089903 | Z8: {=_xlfn.STDEV.S(B8:K8/TotalWasteDisposed!B8:K8-'CO2'!N8:W8/TotalWasteDisposed!N8:W8)} -> 0.019186279 | AA8: =2.262*Z8/SQRT(10) -> 0.013724084 | AB8: =Y8-AA8 -> 3.5952662 | AC8: =Y8+AA8 -> 3.6227144
A9: 6 | B9: 7146.0139 | C9: 7176.207 | D9: 7164.1329 | E9: 7145.7127 | F9: 7179.6594 | G9: 7188.8098 | H9: 7152.2156 | I9: 7163.855 | J9: 7152.4015 | K9: 7195.8437 | M9: 6 | N9: 916.46824 | O9: 917.06042 | P9: 911.7543 | Q9: 922.39338 | R9: 922.47377 | S9: 912.09995 | T9: 922.49641 | U9: 916.46824 | V9: 918.55396 | W9: 916.46824 | Y9: {=AVERAGE(B9:K9/TotalWasteDisposed!B9:K9-'CO2'!N9:W9/TotalWasteDisposed!N9:W9)} -> 3.5972916 | Z9: {=_xlfn.STDEV.S(B9:K9/TotalWasteDisposed!B9:K9-'CO2'!N9:W9/TotalWasteDisposed!N9:W9)} -> 0.02848942 | AA9: =2.262*Z9/SQRT(10) -> 0.020378687 | AB9: =Y9-AA9 -> 3.5769129 | AC9: =Y9+AA9 -> 3.6176703
A10: 7 | B10: 7191.3868 | C10: 7151.9851 | D10: 7164.9861 | E10: 7188.8479 | F10: 7149.5617 | G10: 7164.1432 | H10: 7157.6453 | I10: 7186.1291 | J10: 7149.0075 | K10: 7151.3696 | M10: 7 | N10: 905.39195 | O10: 920.79804 | P10: 916.46824 | Q10: 916.46824 | R10: 862.39744 | S10: 922.47377 | T10: 915.28397 | U10: 918.50821 | V10: 913.8008 | W10: 918.50821 | Y10: {=AVERAGE(B10:K10/TotalWasteDisposed!B10:K10-'CO2'!N10:W10/TotalWasteDisposed!N10:W10)} -> 3.5967835 | Z10: {=_xlfn.STDEV.S(B10:K10/TotalWasteDisposed!B10:K10-'CO2'!N10:W10/TotalWasteDisposed!N10:W10)} -> 0.027161318 | AA10: =2.262*Z10/SQRT(10) -> 0.019428687 | AB10: =Y10-AA10 -> 3.5773549 | AC10: =Y10+AA10 -> 3.6162122
A11: 8 | B11: 7214.9363 | C11: 7189.0995 | D11: 7175.4611 | E11: 7196.4898 | F11: 7177.9147 | G11: 7165.5228 | H11: 7196.2615 | I11: 7163.3121 | J11: 7143.6116 | K11: 7167.0812 | M11: 8 | N11: 920.9062 | O11: 913.11224 | P11: 860.66785 | Q11: 916.46824 | R11: 917.51218 | S11: 861.16031 | T11: 921.29049 | U11: 917.06042 | V11: 911.94908 | W11: 916.46824 | Y11: {=AVERAGE(B11:K11/TotalWasteDisposed!B11:K11-'CO2'!N11:W11/TotalWasteDisposed!N11:W11)} -> 3.620798 | Z11: {=_xlfn.STDEV.S(B11:K11/TotalWasteDisposed!B11:K11-'CO2'!N11:W11/TotalWasteDisposed!N11:W11)} -> 0.016842125 | AA11: =2.262*Z11/SQRT(10) -> 0.012047293 | AB11: =Y11-AA11 -> 3.6087507 | AC11: =Y11+AA11 -> 3.6328453
A12: 9 | B12: 7169.3417 | C12: 7200.7232 | D12: 7182.3975 | E12: 7184.9489 | F12: 7177.4716 | G12: 7186.9315 | H12: 7219.6458 | I12: 7176.8058 | J12: 7139.842 | K12: 7140.9723 | M12: 9 | N12: 912.8421 | O12: 916.46824 | P12: 921.29049 | Q12: 917.51218 | R12: 920.83639 | S12: 917.1778 | T12: 923.48733 | U12: 860.45385 | V12: 916.46824 | W12: 916.36918 | Y12: {=AVERAGE(B12:K12/TotalWasteDisposed!B12:K12-'CO2'!N12:W12/TotalWasteDisposed!N12:W12)} -> 3.6071831 | Z12: {=_xlfn.STDEV.S(B12:K12/TotalWasteDisposed!B12:K12-'CO2'!N12:W12/TotalWasteDisposed!N12:W12)} -> 0.024919959 | AA12: =2.262*Z12/SQRT(10) -> 0.017825426 | AB12: =Y12-AA12 -> 3.5893576 | AC12: =Y12+AA12 -> 3.6250085
A13: 10 | B13: 5824.3129 | C13: 5828.7971 | D13: 5831.5406 | E13: 5819.0031 | F13: 5832.4032 | G13: 5830.671 | H13: 5843.6448 | I13: 5828.4896 | J13: 5825.0719 | K13: 5830.4815 | M13: 10 | N13: 1969.7705 | O13: 1875.6963 | P13: 1964.2964 | Q13: 1967.3472 | R13: 1933.8688 | S13: 1936.7166 | T13: 1962.9525 | U13: 1945.0922 | V13: 1936.206 | W13: 1934.0867 | Y13: {=AVERAGE(B13:K13/TotalWasteDisposed!B13:K13-'CO2'!N13:W13/TotalWasteDisposed!N13:W13)} -> 2.2350568 | Z13: {=_xlfn.STDEV.S(B13:K13/TotalWasteDisposed!B13:K13-'CO2'!N13:W13/TotalWasteDisposed!N13:W13)} -> 0.01927655 | AA13: =2.262*Z13/SQRT(10) -> 0.013788655 | AB13: =Y13-AA13 -> 2.2212681 | AC13: =Y13+AA13 -> 2.2488454
A14: 11 | B14: 5844.378 | C14: 5810.1137 | D14: 5822.0469 | E14: 5832.8566 | F14: 5814.5395 | G14: 5821.4529 | H14: 5848.9329 | I14: 5842.9692 | J14: 5812.5845 | K14: 5831.6774 | M14: 11 | N14: 1937.4947 | O14: 1935.9078 | P14: 1944.3613 | Q14: 1922.9274 | R14: 1935.9462 | S14: 1939.9511 | T14: 1964.7633 | U14: 1937.1032 | V14: 1902.1312 | W14: 1932.8666 | Y14: {=AVERAGE(B14:K14/TotalWasteDisposed!B14:K14-'CO2'!N14:W14/TotalWasteDisposed!N14:W14)} -> 2.2478698 | Z14: {=_xlfn.STDEV.S(B14:K14/TotalWasteDisposed!B14:K14-'CO2'!N14:W14/TotalWasteDisposed!N14:W14)} -> 0.015510986 | AA14: =2.262*Z14/SQRT(10) -> 0.01109512 | AB14: =Y14-AA14 -> 2.2367746 | AC14: =Y14+AA14 -> 2.2589649
A15: 12 | B15: 5833.655 | C15: 5830.3222 | D15: 5812.8742 | E15: 5829.057 | F15: 5811.5969 | G15: 5840.4531 | H15: 5824.153 | I15: 5840.0393 | J15: 5833.9122 | K15: 5835.8235 | M15: 12 | N15: 1942.8171 | O15: 1966.1048 | P15: 1934.2807 | Q15: 1926.6423 | R15: 1876.4265 | S15: 1930.0385 | T15: 1967.9477 | U15: 1942.3767 | V15: 1925.2295 | W15: 1930.7711 | Y15: {=AVERAGE(B15:K15/TotalWasteDisposed!B15:K15-'CO2'!N15:W15/TotalWasteDisposed!N15:W15)} -> 2.2402134 | Z15: {=_xlfn.STDEV.S(B15:K15/TotalWasteDisposed!B15:K15-'CO2'!N15:W15/TotalWasteDisposed!N15:W15)} -> 0.025959205 | AA15: =2.262*Z15/SQRT(10) -> 0.018568807 | AB15: =Y15-AA15 -> 2.2216446 | AC15: =Y15+AA15 -> 2.2587822
... A84: 81 | B84: 5771.7199 | C84: 5795.0194 | D84: 5795.1404 | E84: 5779.1305 | F84: 5785.2368 | G84: 5762.5549 | H84: 5790.909 | I84: 5772.5521 | J84: 5770.554 | K84: 5775.3441 | M84: 81 | N84: 2523.2365 | O84: 2576.568 | P84: 2604.925 | Q84: 2571.3166 | R84: 2557.7143 | S84: 2573.7865 | T84: 2542.9357 | U84: 2515.8101 | V84: 2531.0506 | W84: 2504.5172 | Y84: {=AVERAGE(B84:K84/TotalWasteDisposed!B84:K84-'CO2'!N84:W84/TotalWasteDisposed!N84:W84)} -> 3.0306756 | Z84: {=_xlfn.STDEV.S(B84:K84/TotalWasteDisposed!B84:K84-'CO2'!N84:W84/TotalWasteDisposed!N84:W84)} -> 0.0061065618 | AA84: =2.262*Z84/SQRT(10) -> 0.0043680677 | AB84: =Y84-AA84 -> 3.0263076 | AC84: =Y84+AA84 -> 3.0350437

Sheet DataForDissertation
A1: CS | C1: Replication
B2: Scenario | C2: 1 | D2: 2 | E2: 3 | F2: 4 | G2: 5 | H2: 6 | I2: 7 | J2: 8 | K2: 9 | L2: 10 | N2: I copied values from previous sheets, then created tables in Latex
A3: Waste disposed | B3: 1 | C3: 1184.2484 | D3: 1186.0758 | E3: 1184.4531 | F3: 1187.9292 | G3: 1181.7605 | H3: 1185.8832 | I3: 1186.2345 | J3: 1185.403 | K3: 1185.2748 | L3: 1181.8622 | N3: to explain how the analysis works.
B4: 2 | C4: 1184.0015 | D4: 1186.2496 | E4: 1185.9298 | F4: 1186.8304 | G4: 1186.991 | H4: 1190.3527 | I4: 1184.6056 | J4: 1182.5911 | K4: 1187.3751 | L4: 1182.4718
B5: 3 | C5: 1183.1977 | D5: 1181.7054 | E5: 1186.0181 | F5: 1184.8953 | G5: 1183.3438 | H5: 1186.7511 | I5: 1186.9092 | J5: 1184.7493 | K5: 1186.8829 | L5: 1182.0855
A7: Travel time | B7: 1 | C7: 629.04451 | D7: 634.97888 | E7: 632.82695 | F7: 631.03029 | G7: 630.83509 | H7: 633.0556 | I7: 630.32893 | J7: 630.05526 | K7: 628.76488 | L7: 630.25162
B8: 2 | C8: 635.28936 | D8: 632.79592 | E8: 632.04344 | F8: 627.46524 | G8: 628.52608 | H8: 634.84473 | I8: 626.81154 | J8: 630.12723 | K8: 629.97344 | L8: 629.58769
B9: 3 | C9: 631.81803 | D9: 632.7943 | E9: 631.3991 | F9: 627.28907 | G9: 631.97485 | H9: 631.23196 | I9: 632.39064 | J9: 630.46407 | K9: 630.13627 | L9: 629.55824
A11: Travel time/Waste disposed | B11: 1 | C11: =C7/C3 -> 0.53117615 | D11: =D7/D3 -> 0.53536112 | E11: =E7/E3 -> 0.53427778 | F11: =F7/F3 -> 0.53120193 | G11: =G7/G3 -> 0.5338096 | H11: =H7/H3 -> 0.53382629 | I11: =I7/I3 -> 0.53136958 | J11: =J7/J3 -> 0.53151145 | ... L11: =L7/L3 -> 0.53326999
B12: 2 | C12: =C8/C4 -> 0.53656126 | D12: =D8/D4 -> 0.53344249 | E12: =E8/E4 -> 0.53295181 | F12: =F8/F4 -> 0.5286899 | G12: =G8/G4 -> 0.52951207 | H12: =H8/H4 -> 0.53332492 | I12: =I8/I4 -> 0.529131 | J12: =J8/J4 -> 0.5328361 | ... L12: =L8/L4 -> 0.53243358
B13: 3 | C13: =C9/C5 -> 0.53399194 | D13: =D9/D5 -> 0.53549244 | E13: =E9/E5 -> 0.53236886 | F13: =F9/F5 -> 0.52940465 | G13: =G9/G5 -> 0.53405853 | H13: =H9/H5 -> 0.53189919 | I13: =I9/I5 -> 0.53280456 | J13: =J9/J5 -> 0.53214976 | ... L13: =L9/L5 -> 0.53258265
A15: SS
C16: Replication
B17: Scenario | C17: 1 | D17: 2 | E17: 3 | F17: 4 | G17: 5 | H17: 6 | I17: 7 | J17: 8 | K17: 9 | L17: 10
A18: Waste disposed | B18: 1 | C18: 374.09753 | D18: 373.1285 | E18: 372.70621 | F18: 373.94857 | G18: 373.54827 | H18: 374.21568 | I18: 374.01684 | J18: 372.8357 | K18: 373.9717 | L18: 373.87053
B19: 2 | C19: 372.8002 | D19: 373.98003 | E19: 374.34226 | F19: 375.5878 | G19: 373.91722 | H19: 373.5699 | I19: 372.76539 | J19: 374.22046 | K19: 374.08791 | L19: 375.60648
B20: 3 | C20: 372.17932 | D20: 374.76263 | E20: 354.39724 | F20: 373.50187 | G20: 373.5114 | H20: 374.67547 | I20: 372.81341 | J20: 372.29031 | K20: 374.68327 | L20: 373.11301
A22: Travel time | B22: 1 | C22: 80.413502 | D22: 80.633899 | E22: 80.056073 | F22: 79.929052 | G22: 80.245085 | H22: 80.40723 | I22: 80.432961 | J22: 80.542858 | K22: 80.476557 | L22: 79.783962
B23: 2 | C23: 80.202954 | D23: 80.139517 | E23: 79.66533 | F23: 80.464776 | G23: 80.329529 | H23: 80.603781 | I23: 79.989762 | J23: 80.176945 | K23: 80.54268 | L23: 79.73107
B24: 3 | C24: 80.031857 | D24: 80.151447 | E24: 76.716799 | F24: 80.052291 | G24: 80.244001 | H24: 80.550607 | I24: 80.427768 | J24: 80.052782 | K24: 80.365712 | L24: 79.878287
A26: Travel time/Waste disposed | B26: 1 | C26: =C22/C18 -> 0.21495331 | D26: =D22/D18 -> 0.21610222 | E26: =E22/E18 -> 0.21479672 | F26: =F22/F18 -> 0.21374344 | G26: =G22/G18 -> 0.21481851 | H26: =H22/H18 -> 0.21486868 | I26: =I22/I18 -> 0.21505171 | J26: =J22/J18 -> 0.21602775 | ... L26: =L22/L18 -> 0.21339998
B27: 2 | C27: =C23/C19 -> 0.21513656 | D27: =D23/D19 -> 0.21428822 | E27: =E23/E19 -> 0.21281415 | F27: =F23/F19 -> 0.21423693 | G27: =G23/G19 -> 0.21483239 | H27: =H23/H19 -> 0.21576626 | I27: =I23/I19 -> 0.21458473 | J27: =J23/J19 -> 0.21425057 | ... L27: =L23/L19 -> 0.21227288
B28: 3 | C28: =C24/C20 -> 0.21503574 | D28: =D24/D20 -> 0.21387257 | E28: =E24/E20 -> 0.21647121 | F28: =F24/F20 -> 0.21432902 | G28: =G24/G20 -> 0.21483682 | H28: =H24/H20 -> 0.21498767 | I28: =I24/I20 -> 0.21573196 | J28: =J24/J20 -> 0.21502784 | ... L28: =L24/L20 -> 0.21408604
C30: Differences: CS - SS values | M30: Mean diff. | N30: Mean std. dev. | O30: CI Low | P30: CI Up
C31: =C11-C26 -> 0.31622283 | D31: =D11-D26 -> 0.3192589 | E31: =E11-E26 -> 0.31948106 | F31: =F11-F26 -> 0.31745849 | G31: =G11-G26 -> 0.31899108 | H31: =H11-H26 -> 0.3189576 | I31: =I11-I26 -> 0.31631787 | J31: =J11-J26 -> 0.3154837 | ... L31: =L11-L26 -> 0.31987001 | M31: =AVERAGE(C31:L31) -> 0.31773276 | N31: =_xlfn.STDEV.S(C31:L31) -> 0.0017776087 | O31: =M31-2.262*N31/SQRT(10) -> 0.31646122 | P31: =M31+2.262*N31/SQRT(10) -> 0.31900429
C32: =C12-C27 -> 0.32142469 | D32: =D12-D27 -> 0.31915427 | E32: =E12-E27 -> 0.32013766 | F32: =F12-F27 -> 0.31445297 | G32: =G12-G27 -> 0.31467968 | H32: =H12-H27 -> 0.31755865 | I32: =I12-I27 -> 0.31454626 | J32: =J12-J27 -> 0.31858553 | ... L32: =L12-L27 -> 0.3201607 | M32: =AVERAGE(C32:L32) -> 0.3175956 | N32: =_xlfn.STDEV.S(C32:L32) -> 0.0026722273 | O32: =M32-2.262*N32/SQRT(10) -> 0.31568414 | P32: =M32+2.262*N32/SQRT(10) -> 0.31950707
C33: =C13-C28 -> 0.3189562 | D33: =D13-D28 -> 0.32161987 | E33: =E13-E28 -> 0.31589765 | F33: =F13-F28 -> 0.31507563 | G33: =G13-G28 -> 0.31922171 | H33: =H13-H28 -> 0.31691152 | I33: =I13-I28 -> 0.3170726 | J33: =J13-J28 -> 0.31712192 | ... L33: =L13-L28 -> 0.31849662 | M33: =AVERAGE(C33:L33) -> 0.3176801 | N33: =_xlfn.STDEV.S(C33:L33) -> 0.0019147056 | O33: =M33-2.262*N33/SQRT(10) -> 0.31631049 | P33: =M33+2.262*N33/SQRT(10) -> 0.3190497
C36: Differences: CS - SS values | J36: Mean diff. | K36: Mean std. dev. | L36: CI Low | M36: CI Up
C37: =C31 -> 0.31622283 | D37: =D31 -> 0.3192589 | E37: =E31 -> 0.31948106 | F37: … | G37: =J31 -> 0.3154837 | H37: =K31 -> 0.315286 | I37: =L31 -> 0.31987001 | J37: =M31 -> 0.31773276 | K37: =N31 -> 0.0017776087 | L37: =O31 -> 0.31646122 | M37: =P31 -> 0.31900429
C38: =C32 -> 0.32142469 | D38: =D32 -> 0.31915427 | E38: =E32 -> 0.32013766 | F38: … | G38: =J32 -> 0.31858553 | H38: =K32 -> 0.31525562 | I38: =L32 -> 0.3201607 | J38: =M32 -> 0.3175956 | K38: =N32 -> 0.0026722273 | L38: =O32 -> 0.31568414 | M38: =P32 -> 0.31950707
C39: =C33 -> 0.3189562 | D39: =D33 -> 0.32161987 | E39: =E33 -> 0.31589765 | F39: … | G39: =J33 -> 0.31712192 | H39: =K33 -> 0.31642724 | I39: =L33 -> 0.31849662 | J39: =M33 -> 0.3176801 | K39: =N33 -> 0.0019147056 | L39: =O33 -> 0.31631049 | M39: =P33 -> 0.3190497
